ElNo,Date,Grade,Success,ExpR,UsualR,PredictedR,BestR,LastS,EstS,MeasuredS,BestS,NewSInc,NewS
5,Apr 25 2018 06:48:52,4,1,0.995,0.9947,0.9949,0.9949,55.9639,55.9639,7.4019,30.0632,0.8,30.4203,
5,Apr 29 2018 11:15:35,4,1,0.9856,0.995,0.9921,0.9921,30.0632,30.4203,55.8942,44.0063,1.4638,45.0063,
5,May 07 2018 07:22:46,4,1,0.9818,0.995,0.9866,0.9866,44.0063,45.0063,61.2685,53.6784,1.2198,54.6784,
5,May 14 2018 07:07:03,4,1,0.9866,0.995,0.9905,0.9905,53.6784,54.6784,77.0567,66.6122,1.241,67.6122,
5,May 15 2018 05:43:05,4,1,0.995,0.995,0.995,0.995,66.6122,67.6122,19.7936,42.107,0.8,43.0486,
5,Jun 07 2018 08:58:10,4,1,0.9449,0.995,0.9744,0.9744,42.107,43.0486,93.9602,70.2014,1.6672,71.2014,
7,May 14 2018 07:03:38,4,1,0.9744,0.995,0.9939,0.9939,42.6018,42.6018,181.4255,116.673,2.7387,117.673,
7,May 15 2018 05:57:49,4,1,0.995,0.9947,0.9947,0.9947,116.673,117.673,19.0354,65.0567,0.8,66.011,
7,Jun 09 2018 20:10:03,4,1,0.96,0.995,0.9932,0.9932,65.0567,66.011,395.7848,241.9683,3.7193,242.9683,
17,Apr 25 2018 06:48:21,4,1,0.995,0.995,0.995,0.995,55.9639,55.9639,7.0467,29.8715,0.8,30.2068,
17,Apr 29 2018 11:15:09,4,1,0.9855,0.995,0.9899,0.9899,29.8715,30.2068,43.3907,37.2375,1.2466,38.2375,
17,May 07 2018 07:18:25,4,1,0.9786,0.995,0.9874,0.9874,37.2375,38.2375,64.9299,52.4727,1.4091,53.4727,
17,May 14 2018 07:09:38,4,1,0.9863,0.995,0.993,0.993,52.4727,53.4727,105.4843,81.2131,1.5477,82.2131,
17,May 15 2018 05:48:24,4,1,0.995,0.9947,0.9949,0.9949,81.2131,82.2131,19.5544,48.7935,0.8,49.7371,
17,Jun 07 2018 08:58:03,4,1,0.9522,0.995,0.9859,0.9859,48.7935,49.7371,171.8361,114.8613,2.354,115.8613,
18,May 14 2018 06:52:36,4,1,0.9453,0.995,0.993,0.993,36.1681,36.1681,288.3322,170.7291,4.7204,171.7291,
18,May 15 2018 05:44:00,4,1,0.995,0.9947,0.9947,0.9947,170.7291,171.7291,18.9739,90.2432,0.8,91.1955,
19,May 14 2018 06:57:42,3,1,0.9452,0.995,0.993,0.993,36.1681,36.1681,289.4957,171.3507,4.7376,172.3507,
19,May 15 2018 05:41:20,4,1,0.995,0.9947,0.9947,0.9947,171.3507,172.3507,18.8601,90.4719,0.8,91.4188,
20,May 14 2018 06:50:32,4,1,0.9452,0.995,0.993,0.993,36.1681,36.1681,290.3972,171.8325,4.7509,172.8325,
20,May 15 2018 05:43:29,3,1,0.995,0.9947,0.9947,0.9947,171.8325,172.8325,18.9828,90.7615,0.8,91.7149,
21,May 14 2018 06:52:09,2,0,0.0545,0.995,0.9578,0.9578,0.7,0.7,47.2547,25.5868,2,1.4718,
21,May 15 2018 05:39:59,4,1,0.9343,0.6249,0.637,0.637,25.5868,1.4718,0.7,1.0599,0.8,3.1689,
21,May 21 2018 07:05:51,2,0,0.8175,0.9076,0.9014,0.9014,1.0599,3.1689,6.1502,4.7627,2,1,
21,May 22 2018 08:31:35,2,0,0.8944,0.6322,0.6423,0.6423,4.7627,1,0.7,0.8396,0.5,2.416,
21,May 23 2018 06:51:25,1,0,0.9602,0.6956,0.7136,0.7136,0.8396,2.416,0.7,1.403,1.6709,1.0159,
21,May 24 2018 07:27:41,2,0,0.8991,0.6229,0.6334,0.6334,1.403,1.0159,0.7,0.847,0.6037,1,
21,May 25 2018 06:48:17,3,1,0.9026,0.6261,0.6366,0.6366,0.847,1,0.7,0.8399,0.9916,2.7019,
21,May 28 2018 10:10:51,2,0,0.8847,0.7786,0.7857,0.7857,0.8399,2.7019,1.3718,1.9909,2,1,
21,May 29 2018 09:29:07,4,1,0.9028,0.6305,0.6407,0.6407,1.9909,1,0.7,0.8399,0.8,2.6695,
21,May 31 2018 12:23:46,2,0,0.9197,0.7058,0.7198,0.7198,0.8399,2.6695,0.7,1.6586,1.9747,1,
21,Jun 01 2018 09:12:46,4,1,0.9127,0.6311,0.6415,0.6415,1.6586,1,0.7,0.8399,0.8,2.5662,
21,Jun 04 2018 07:57:27,4,1,0.886,0.7656,0.7734,0.7734,0.8399,2.5662,1.2084,1.8998,2.2619,7.3884,
21,Jun 09 2018 20:09:44,4,1,0.9245,0.9568,0.9534,0.9534,1.8998,7.3884,12.1561,9.9317,5.2278,14.2255,
22,May 14 2018 07:07:26,4,1,0.9452,0.995,0.993,0.993,36.1681,36.1681,291.4229,172.3806,4.7661,173.3806,
22,May 15 2018 05:47:28,3,1,0.995,0.9947,0.9947,0.9947,172.3806,173.3806,18.7986,90.9183,0.8,91.8628,
23,May 14 2018 06:50:21,4,1,0.9452,0.995,0.9931,0.9931,36.1681,36.1681,292.2173,172.8053,4.7778,173.8053,
23,May 15 2018 05:44:03,4,1,0.995,0.9947,0.9947,0.9947,172.8053,173.8053,18.9825,91.2139,0.8,92.1679,
24,May 14 2018 07:04:15,2,0,0.098,0.995,0.9652,0.9652,0.8769,0.8769,57.5721,31.1844,2,1,
24,May 15 2018 05:47:55,3,1,0.905,0.7652,0.7698,0.7698,31.1844,1,0.7,0.8399,0.8,10.0217,
24,May 21 2018 07:06:28,4,1,0.9383,0.995,0.9908,0.9908,0.8399,10.0217,69.2029,41.5948,20,42.5948,
25,May 11 2018 07:58:15,4,1,0.9646,0.995,0.9935,0.9935,47.8656,47.8656,263.3302,162.8316,3.4018,163.8316,
25,May 14 2018 07:02:03,4,1,0.995,0.9947,0.9948,0.9948,162.8316,163.8316,60.1766,108.5442,0.8,109.5442,
25,May 15 2018 05:43:33,4,1,0.995,0.9947,0.9947,0.9947,108.5442,109.5442,18.8516,61.1656,0.8,62.1111,
25,Jun 13 2018 16:35:42,4,1,0.9513,0.995,0.9928,0.9928,61.1656,62.1111,431.1736,259.0344,4.235,260.0344,
26,May 14 2018 06:51:15,4,1,0.9453,0.995,0.9931,0.9931,36.1681,36.1681,293.0236,173.2363,4.7897,174.2363,
26,May 15 2018 05:41:24,4,1,0.995,0.9947,0.9947,0.9947,173.2363,174.2363,18.9286,91.3856,0.8,92.3371,
27,May 14 2018 06:55:09,2,0,0.0981,0.995,0.9658,0.9658,0.8769,0.8769,58.5067,31.684,2,1,
27,May 15 2018 05:43:55,4,1,0.9047,0.7694,0.7737,0.7737,31.684,1,0.7,0.8399,0.8,10.1289,
27,May 21 2018 07:07:44,4,1,0.9389,0.995,0.991,0.991,0.8399,10.1289,70.2377,42.1971,20,43.1971,
28,May 06 2018 12:59:22,4,1,0.5825,0.9926,0.6737,0.6737,2.2574,2.2574,3.0879,3.6949,1.6368,11.7025,
28,May 14 2018 07:07:55,2,0,0.9326,0.995,0.9464,0.9464,3.6949,11.7025,14.8421,12.7155,2,1.4892,
28,May 15 2018 05:46:32,2,0,0.9354,0.4939,0.7316,0.7316,12.7155,1.4892,0.7,1.0518,0.5,1,
28,May 16 2018 06:56:55,4,1,0.8954,0.6391,0.7587,0.7587,1.0518,1,0.7,0.8503,0.8084,4.8678,
28,May 19 2018 09:36:06,4,1,0.9349,0.995,0.9567,0.9567,0.8503,4.8678,7.4122,6.2247,7.3208,11.2027,
28,May 25 2018 06:47:50,4,1,0.9462,0.995,0.9639,0.9639,6.2247,11.2027,16.8718,14.226,2.2854,15.0516,
28,Jun 04 2018 07:57:07,4,1,0.9321,0.6267,0.7912,0.7912,14.226,15.0516,4.5191,9.4341,0.8,22.8814,
29,May 08 2018 07:02:25,4,1,0.9711,0.995,0.9938,0.9938,47.8656,47.8656,226.8887,143.3884,2.9956,144.3884,
29,May 14 2018 06:54:32,4,1,0.995,0.9947,0.9948,0.9948,143.3884,144.3884,121.4148,132.1319,0.9215,133.1319,
29,May 15 2018 05:40:33,4,1,0.995,0.9947,0.9947,0.9947,132.1319,133.1319,18.9061,72.1995,0.8,73.1481,
29,Jun 06 2018 09:04:26,4,1,0.9686,0.995,0.9937,0.9937,72.1995,73.1481,370.6634,231.8967,3.2119,232.8967,
34,May 14 2018 07:00:09,2,0,0.1012,0.995,0.9664,0.9664,0.8092,0.8092,54.2877,29.3971,2,1.8174,
34,May 15 2018 05:57:26,4,1,0.9461,0.7728,0.7783,0.7783,29.3971,1.8174,0.7,1.221,0.8,6.1638,
34,May 21 2018 07:06:53,3,1,0.9018,0.995,0.9884,0.9884,1.221,6.1638,54.6566,32.0351,20,36.0605,
35,May 07 2018 07:22:34,1,0,0.2025,0.995,0.9701,0.9701,0.7,0.7,36.8534,20.0264,2,1,
35,May 08 2018 07:02:16,3,1,0.9013,0.789,0.7925,0.7925,20.0264,1,0.7,0.8399,0.8,10.3202,
35,May 14 2018 07:11:22,4,1,0.9405,0.995,0.9912,0.9912,0.8399,10.3202,71.795,43.1176,20,44.1176,
35,May 15 2018 05:57:02,4,1,0.995,0.995,0.995,0.995,43.1176,44.1176,19.9343,31.2125,0.8,32.1609,
35,Jun 06 2018 09:04:05,4,1,0.9301,0.995,0.9895,0.9895,31.2125,32.1609,221.394,133.1124,4.2647,134.1124,
36,May 14 2018 07:03:13,4,1,0.95,0.995,0.9933,0.9933,36.1681,36.1681,274.9495,163.5919,4.5231,164.5919,
36,May 15 2018 05:57:35,4,1,0.995,0.9947,0.9947,0.9947,163.5919,164.5919,18.9825,86.9143,0.8,87.8687,
37,May 14 2018 07:15:04,1,0,0.0707,0.995,0.8201,0.8201,0.7,0.7,9.3525,5.3257,2,1,
37,May 15 2018 05:52:25,4,1,0.9055,0.8274,0.8414,0.8414,5.3257,1,0.7,0.84,0.8,2.5321,
37,May 21 2018 07:07:31,4,1,0.7774,0.995,0.9288,0.9288,0.84,2.5321,8.6291,5.8059,6.9119,12.8194,
37,Jun 16 2018 09:29:45,2,0,0.8069,0.8642,0.8527,0.8527,5.8059,12.8194,17.259,15.193,2,1,
38,May 14 2018 07:12:10,4,1,0.95,0.995,0.9933,0.9933,36.1681,36.1681,275.7564,164.0232,4.535,165.0232,
38,May 15 2018 05:50:08,4,1,0.995,0.9947,0.9947,0.9947,164.0232,165.0232,18.7517,86.9918,0.8,87.9348,
40,May 14 2018 07:06:47,1,0,0.1422,0.995,0.8865,0.8865,0.9504,0.9504,15.3823,8.6655,2,1,
40,May 15 2018 05:55:57,4,1,0.9047,0.7504,0.7693,0.7693,8.6655,1,0.7,0.84,0.8,5.0207,
40,May 21 2018 07:06:05,2,0,0.8808,0.8637,0.866,0.866,0.84,5.0207,4.4285,4.7042,2,1.9442,
40,May 22 2018 08:31:11,4,1,0.9442,0.7548,0.7773,0.7773,4.7042,1.9442,0.7,1.2805,0.8,4.1992,
40,May 25 2018 06:47:35,4,1,0.9292,0.8634,0.8718,0.8718,1.2805,4.1992,2.2483,3.1585,2.4667,8.6294,
40,May 31 2018 12:22:50,4,1,0.9267,0.8725,0.8782,0.8782,3.1585,8.6294,5.0556,6.7229,2.1285,16.4913,
40,Jun 09 2018 20:08:51,2,0,0.9422,0.995,0.9732,0.9732,6.7229,16.4913,36.2261,24.5822,2,2.1157,
40,Jun 13 2018 16:30:57,4,1,0.8256,0.7587,0.7664,0.7664,24.5822,2.1157,1.5243,1.944,0.8,9.2095,
44,May 14 2018 07:00:26,4,1,0.9675,0.995,0.9937,0.9937,55.9639,55.9639,292.8455,182.3611,3.2585,183.3611,
44,May 15 2018 05:55:02,4,1,0.995,0.9947,0.9948,0.9948,182.3611,183.3611,19.2827,95.8456,0.8,96.8001,
44,May 19 2018 09:35:36,4,1,0.9942,0.995,0.995,0.995,-1,55.9639,64.8585,60.7086,-1,61.7086,
44,Jun 13 2018 16:34:02,4,1,0.9577,0.995,0.9932,0.9932,60.7086,61.7086,393.3935,238.6922,3.9318,239.6922,
45,May 03 2018 13:35:00,1,0,0.3587,0.995,0.8414,0.8414,0.7,0.7,4.1563,2.5478,2,2.5728,
45,May 04 2018 07:16:41,3,1,0.9703,0.995,0.9817,0.9817,2.5478,2.5728,4.2007,3.441,1.3506,4.1782,
45,May 07 2018 07:18:55,4,1,0.6948,0.899,0.8497,0.8497,-1,0.7,1.5655,1.2833,-1,4.2735,
45,May 14 2018 06:56:46,2,0,0.8418,0.995,0.9125,0.9125,1.2833,4.2735,8.0381,6.286,2,2.0543,
45,May 15 2018 05:49:14,4,1,0.9523,0.8214,0.853,0.853,6.286,2.0543,0.7,1.3319,0.8,2.7545,
45,May 17 2018 11:52:22,4,1,0.9175,0.995,0.9532,0.9532,1.3319,2.7545,4.9558,3.9285,2.9495,6.8789,
45,May 22 2018 08:31:27,4,1,0.9283,0.995,0.9591,0.9591,3.9285,6.8789,12.2514,9.7442,2.4804,11.6519,
45,May 30 2018 09:06:46,4,1,0.93,0.995,0.96,0.96,9.7442,11.6519,20.7138,16.4848,1.6918,18.3011,
45,Jun 13 2018 16:34:06,4,1,0.9209,0.995,0.9478,0.9478,16.4848,18.3011,28.1474,23.5523,1.4287,29.549,
46,Apr 30 2018 16:09:33,4,1,0.9914,0.995,0.9948,0.9948,47.8656,47.8656,79.4108,64.696,1.3516,65.696,
46,May 05 2018 07:46:29,4,1,0.9926,0.995,0.9949,0.9949,64.696,65.696,95.3785,81.5322,1.2602,82.5322,
46,May 14 2018 07:11:09,4,1,0.9886,0.995,0.9936,0.9936,81.5322,82.5322,148.3082,117.6137,1.4425,118.6137,
46,May 15 2018 05:55:31,4,1,0.995,0.995,0.995,0.995,117.6137,118.6137,19.9155,65.9667,0.8,66.9142,
47,May 13 2018 08:27:36,2,0,0.0822,0.995,0.9615,0.9615,0.7,0.7,44.5983,24.1667,2,1,
47,May 14 2018 07:10:30,2,0,0.9051,0.6268,0.6369,0.6369,24.1667,1,0.7,0.8424,0.5,1,
47,May 15 2018 05:56:29,2,0,0.9049,0.6197,0.63,0.63,0.8424,1,0.7,0.8424,0.9999,1.2376,
47,May 16 2018 06:56:50,4,1,0.9151,0.626,0.6362,0.6362,0.8424,1.2376,0.7,0.9507,1.1286,3.2002,
47,May 23 2018 06:51:41,2,0,0.7943,0.9334,0.9246,0.9246,0.9507,3.2002,9.4059,6.5176,2,1,
47,May 24 2018 07:27:11,4,1,0.8977,0.6366,0.6458,0.6458,6.5176,1,0.7,0.8488,0.8,2.6915,
47,May 27 2018 07:32:05,4,1,0.8891,0.7672,0.7747,0.7747,0.8488,2.6915,1.2397,1.9728,2.3241,7.5493,
47,Jun 02 2018 11:53:49,4,1,0.9173,0.9541,0.9503,0.9503,1.9728,7.5493,12.784,10.3417,5.2422,16.4325,
47,Jun 13 2018 16:33:52,4,1,0.9307,0.995,0.9828,0.9828,10.3417,16.4325,68.1519,44.0188,4.2564,45.0188,
48,May 14 2018 06:54:04,2,0,0.102,0.995,0.9675,0.9675,0.8092,0.8092,55.8419,30.2279,2,1,
48,May 15 2018 05:54:50,4,1,0.9039,0.7917,0.7951,0.7951,30.2279,1,0.7,0.8399,0.8,10.3369,
48,May 21 2018 07:05:19,4,1,0.9402,0.995,0.9913,0.9913,0.8399,10.3369,72.7363,43.6278,20,44.6278,
49,Apr 30 2018 16:10:08,2,0,0.8417,0.7107,0.7253,0.7253,0.7,0.7,0.7,0.7,1,2.2924,
49,May 01 2018 16:43:30,2,0,0.9541,0.8112,0.8288,0.8288,0.7,2.2924,0.7,1.3745,1.9636,1,
49,May 02 2018 12:00:03,4,1,0.9189,0.7018,0.7252,0.7252,1.3745,1,0.7,0.84,0.8,3.8761,
49,May 07 2018 07:18:44,4,1,0.8776,0.8574,0.8598,0.8598,0.84,3.8761,3.35,3.6623,4.3601,14.156,
49,May 14 2018 06:52:56,2,0,0.9494,0.8704,0.8784,0.8784,3.6623,14.156,5.6726,9.2205,2,1,
49,May 15 2018 05:48:46,4,1,0.9042,0.7155,0.7353,0.7353,9.2205,1,0.7,0.84,0.8,4.9604,
49,May 17 2018 11:52:32,4,1,0.9533,0.8451,0.8575,0.8575,0.84,4.9604,1.5436,3.1377,3.7355,6.0644,
49,May 22 2018 08:31:00,4,1,0.919,0.8427,0.8503,0.8503,3.1377,6.0644,3.1566,4.5132,1.4384,12.9013,
49,May 30 2018 09:08:13,4,1,0.9366,0.8653,0.8721,0.8721,4.5132,12.9013,6.1815,9.3165,2.0643,18.8324,
49,Jun 13 2018 16:30:51,1,0,0.9231,0.995,0.9685,0.9685,9.3165,18.8324,47.0994,32.1088,2,1,
51,May 10 2018 07:05:44,1,0,0.1306,0.9012,0.872,0.872,0.7,0.7,10.4064,5.889,2,1,
51,May 11 2018 07:57:22,4,1,0.8966,0.8305,0.8329,0.8329,5.889,1,0.7,0.8495,0.8,1.9889,
51,May 14 2018 07:02:46,3,1,0.8548,0.8362,0.8369,0.8369,0.8495,1.9889,1.7524,1.9311,2.2733,4.6778,
51,May 15 2018 05:51:48,4,1,0.9788,0.8168,0.8301,0.8301,1.9311,4.6778,0.7,2.5556,1.3234,3.5063,
51,May 28 2018 10:10:07,1,0,0.673,0.8945,0.8767,0.8767,2.5556,3.5063,10.553,7.2735,2,1,
51,May 29 2018 09:28:23,4,1,0.9028,0.8344,0.8369,0.8369,7.2735,1,0.7,0.8399,0.8,1.9327,
51,May 31 2018 12:22:59,4,1,0.8908,0.8375,0.8394,0.8394,0.8399,1.9327,1.2768,1.61,1.9169,3.771,
51,Jun 06 2018 09:04:18,4,1,0.8489,0.8536,0.8532,0.8532,1.61,3.771,3.8904,3.9642,2.4622,8.7243,
53,Apr 28 2018 16:30:27,2,0,0.7496,0.6964,0.6983,0.6983,0.7,0.7,0.7,0.7,1,1.3777,
53,Apr 29 2018 11:16:01,2,0,0.942,0.6138,0.6251,0.6251,0.7,1.3777,0.7,0.9831,1.4043,1,
53,Apr 30 2018 16:09:08,4,1,0.8809,0.6401,0.6483,0.6483,0.9831,1,0.7,0.8596,0.8744,4.438,
53,May 07 2018 07:21:59,2,0,0.8543,0.8295,0.8311,0.8311,0.8596,4.438,3.7768,4.0846,2,1,
53,May 08 2018 07:00:09,4,1,0.9014,0.6363,0.6453,0.6453,4.0846,1,0.7,0.8399,0.8,2.6219,
53,May 11 2018 07:58:25,4,1,0.885,0.7812,0.7874,0.7874,0.8399,2.6219,1.3404,1.9963,2.3769,7.8742,
53,May 14 2018 07:10:01,4,1,0.9611,0.9831,0.9809,0.9809,1.9963,7.8742,16.2312,12.3322,6.1775,13.3322,
53,May 15 2018 05:56:54,3,1,0.9925,0.995,0.9948,0.9948,12.3322,13.3322,19.0462,16.38,1.3282,17.3292,
53,May 20 2018 07:47:24,4,1,0.9696,0.995,0.9904,0.9904,16.38,17.3292,55.6943,37.7925,2.3072,38.7925,
53,May 28 2018 10:10:35,4,1,0.9782,0.995,0.9921,0.9921,37.7925,38.7925,108.1275,75.7746,2.005,76.7746,
53,Jun 09 2018 20:05:14,3,1,0.9831,0.995,0.9886,0.9886,75.7746,76.7746,114.0414,96.6485,1.2755,97.6485,
54,May 14 2018 07:01:28,4,1,0.9502,0.995,0.9933,0.9933,36.1681,36.1681,275.5973,163.939,4.5327,164.939,
54,May 15 2018 05:52:55,3,1,0.995,0.9947,0.9947,0.9947,163.939,164.939,18.9339,87.0491,0.8,88.0015,
55,May 11 2018 07:57:56,2,0,0.1118,0.995,0.9682,0.9682,0.7,0.7,47.5186,25.7278,2,1,
55,May 12 2018 09:04:27,4,1,0.8956,0.7973,0.8002,0.8002,25.7278,1,0.7,0.85,0.8,10.7867,
55,May 14 2018 06:54:45,4,1,0.9815,0.995,0.9941,0.9941,0.85,10.7867,34.013,23.1781,20,24.1781,
55,May 15 2018 05:53:16,2,0,0.995,0.9478,0.9517,0.9517,23.1781,24.1781,2.0376,9.9889,0.5,1,
55,May 16 2018 06:56:20,4,1,0.8959,0.8001,0.8029,0.8029,9.9889,1,0.7,0.8499,0.8,10.8622,
55,May 19 2018 09:35:44,4,1,0.9703,0.995,0.9934,0.9934,0.8499,10.8622,49.3641,31.4036,20,32.4036,
55,May 25 2018 06:47:43,4,1,0.9811,0.9589,0.9607,0.9607,31.4036,32.4036,15.4666,23.3673,0.8,24.3673,
55,Jun 04 2018 07:56:28,4,1,0.9575,0.9758,0.9744,0.9744,23.3673,24.3673,40.7492,33.1065,1.4168,34.1065,
57,May 15 2018 05:58:25,2,0,0.1946,0.9683,0.9424,0.9424,0.7,0.7,19.3023,10.6443,2,1,
57,May 16 2018 06:55:38,4,1,0.8962,0.6422,0.6507,0.6507,10.6443,1,0.7,0.8497,0.8,2.695,
57,May 23 2018 06:50:40,1,0,0.7607,0.995,0.9812,0.9812,0.8497,2.695,38.8768,22.0365,2,1,
57,May 24 2018 07:26:22,4,1,0.8977,0.6455,0.6538,0.6538,22.0365,1,0.7,0.8488,0.8,2.6703,
57,May 27 2018 07:31:46,4,1,0.8882,0.7799,0.7862,0.7862,0.8488,2.6703,1.3154,2.002,2.3585,7.8701,
57,Jun 02 2018 11:53:56,4,1,0.9206,0.9581,0.9546,0.9546,2.002,7.8701,14.0269,11.1545,5.5718,16.0444,
57,Jun 13 2018 16:33:35,4,1,0.9291,0.9647,0.9615,0.9615,11.1545,16.0444,30.0449,23.5131,2.1079,26.5239,
58,May 15 2018 22:58:17,4,1,0.9668,0.995,0.994,0.994,36.1681,36.1681,201.3103,124.296,3.4366,125.296,
58,Jun 08 2018 09:41:13,4,1,0.9805,0.995,0.9939,0.9939,124.296,125.296,405.7306,274.9053,2.2117,275.9053,
63,May 14 2018 07:07:19,4,1,0.9579,0.995,0.9936,0.9936,36.1681,36.1681,243.8743,147.0111,4.0647,148.0111,
63,May 15 2018 05:42:43,3,1,0.995,0.9947,0.9947,0.9947,147.0111,148.0111,18.7087,79.0311,0.8,79.9724,
64,May 03 2018 13:35:47,2,0,0.5449,0.9028,0.8922,0.8922,0.7,0.7,3.7263,2.3178,2,1,
64,May 04 2018 07:17:24,2,0,0.9253,0.7783,0.7826,0.7826,2.3178,1,0.7,0.8294,0.5,1,
64,May 05 2018 07:47:03,2,0,0.8981,0.7758,0.7793,0.7793,0.8294,1,0.7,0.8396,1.0123,1,
64,May 06 2018 12:58:59,4,1,0.8797,0.7837,0.7865,0.7865,0.8396,1,0.7,0.8604,1.0248,11.2988,
64,May 14 2018 07:08:34,4,1,0.9302,0.995,0.9908,0.9908,0.8604,11.2988,88.8099,52.6529,20,53.6529,
64,May 15 2018 05:53:33,4,1,0.995,0.995,0.995,0.995,52.6529,53.6529,19.9245,35.6541,0.8,36.602,
64,Jun 09 2018 20:07:31,4,1,0.929,0.995,0.9899,0.9899,35.6541,36.602,266.1949,159.088,4.462,160.088,
66,May 14 2018 07:02:21,4,1,0.9579,0.995,0.9937,0.9937,36.1681,36.1681,244.2836,147.2302,4.0707,148.2302,
66,May 15 2018 05:46:59,4,1,0.995,0.9947,0.9947,0.9947,147.2302,148.2302,18.8327,79.1989,0.8,80.1466,
74,May 14 2018 07:20:32,2,0,0.2243,0.995,0.973,0.973,0.7,0.7,38.2024,20.7476,2,1,
74,May 15 2018 05:58:06,4,1,0.9054,0.7789,0.7825,0.7825,20.7476,1,0.7,0.8399,0.8,10.4196,
74,May 21 2018 07:05:28,4,1,0.9407,0.995,0.9916,0.9916,0.8399,10.4196,75.2996,45.0348,20,46.0348,
75,May 15 2018 22:55:25,4,1,0.9668,0.995,0.994,0.994,36.1681,36.1681,202.348,124.8513,3.452,125.8513,
75,Jun 08 2018 09:41:37,3,1,0.9806,0.995,0.994,0.994,124.8513,125.8513,407.6617,276.1956,2.2122,277.1956,
77,May 07 2018 07:20:26,2,0,0.6438,0.8909,0.8487,0.8487,0.7,0.7,1.8799,1.3308,1.9011,1,
77,May 08 2018 07:01:40,4,1,0.9012,0.8486,0.8572,0.8572,1.3308,1,0.7,0.84,0.8,2.6552,
77,May 14 2018 07:23:10,4,1,0.7877,0.995,0.9369,0.9369,0.84,2.6552,9.7307,6.3963,7.6148,14.0272,
77,May 15 2018 22:58:01,4,1,0.9877,0.805,0.8396,0.8396,6.3963,14.0272,0.9938,7.075,1.1061,8.075,
77,Jun 13 2018 16:35:28,2,0,0.6873,0.9317,0.8878,0.8878,7.075,8.075,25.4504,17.3637,2,1,
78,May 07 2018 07:23:59,1,0,0.6439,0.8612,0.8551,0.8551,0.7,0.7,1.9682,1.378,1.9686,1,
78,May 08 2018 07:00:44,4,1,0.9015,0.7839,0.7872,0.7872,1.378,1,0.7,0.8399,0.8,10.6059,
78,May 14 2018 07:21:03,4,1,0.942,0.995,0.9917,0.9917,0.8399,10.6059,76.1838,45.5937,20,46.5937,
78,May 15 2018 22:56:39,4,1,0.995,0.995,0.995,0.995,45.5937,46.5937,34.676,40.2333,0.8824,41.2333,
78,Jun 13 2018 16:31:29,3,1,0.9292,0.995,0.992,0.992,40.2333,41.2333,378.2672,221.0748,5.4948,222.0748,
79,May 07 2018 07:19:44,3,1,0.9945,0.995,0.995,0.995,47.8656,47.8656,52.395,50.2813,1.0505,51.2813,
79,May 14 2018 06:57:23,4,1,0.9858,0.995,0.9946,0.9946,50.2813,51.2813,135.7278,96.3414,1.916,97.3414,
79,May 15 2018 05:49:07,4,1,0.995,0.9947,0.9947,0.9947,96.3414,97.3414,18.9785,55.5392,0.8,56.4918,
79,Jun 09 2018 20:05:23,4,1,0.9534,0.995,0.9932,0.9932,55.5392,56.4918,394.6762,236.9499,4.2664,237.9499,
80,May 07 2018 07:21:28,2,0,0.686,0.8508,0.8462,0.8462,0.7,0.7,1.5801,1.1705,1.6722,2.8624,
80,May 08 2018 06:59:44,2,0,0.9644,0.7137,0.8061,0.8061,1.1705,2.8624,0.7,1.5809,1.3505,1,
80,May 09 2018 15:47:57,4,1,0.8659,0.7975,0.7994,0.7994,1.5809,1,0.7,0.8709,0.8,10.8609,
80,May 14 2018 06:58:57,4,1,0.9561,0.995,0.9926,0.9926,0.8709,10.8609,65.9777,40.2675,20,41.2675,
80,May 15 2018 05:48:19,4,1,0.995,0.995,0.995,0.995,40.2675,41.2675,19.9883,29.9115,0.8,30.8625,
80,May 23 2018 06:50:14,4,1,0.9729,0.966,0.9665,0.9665,29.9115,30.8625,24.8718,27.6658,0.9249,28.6658,
80,Jun 13 2018 16:33:30,3,1,0.9243,0.995,0.9898,0.9898,27.6658,28.6658,219.8341,130.654,4.7226,131.654,
81,May 07 2018 07:20:43,4,1,0.9945,0.995,0.995,0.995,47.8656,47.8656,52.3921,50.2798,1.0504,51.2798,
81,May 14 2018 07:04:27,4,1,0.9857,0.995,0.9946,0.9946,50.2798,51.2798,136.2932,96.6435,1.9221,97.6435,
81,May 15 2018 05:40:27,4,1,0.995,0.9947,0.9947,0.9947,96.6435,97.6435,18.7544,55.5603,0.8,56.5019,
81,Jun 09 2018 20:09:36,4,1,0.9534,0.995,0.9933,0.9933,55.5603,56.5019,399.8415,239.7151,4.3145,240.7151,
84,May 14 2018 07:05:04,1,0,0.2398,0.995,0.9744,0.9744,0.7,0.7,38.5913,20.9554,2,1,
84,May 15 2018 05:54:03,2,0,0.9047,0.7763,0.7797,0.7797,20.9554,1,0.7,0.8423,0.5,1,
84,May 16 2018 06:55:59,4,1,0.8959,0.7817,0.7847,0.7847,0.8423,1,0.7,0.8498,1.0089,10.9609,
84,May 23 2018 06:49:50,4,1,0.935,0.995,0.9914,0.9914,0.8498,10.9609,85.4188,50.687,20,51.687,
130,May 14 2018 06:51:34,4,1,0.9532,0.9869,0.9655,0.9655,-1,4,5.4526,4.7747,-1,9.0579,
130,May 15 2018 05:56:05,4,1,0.9889,0.995,0.9921,0.9921,4.7747,9.0579,12.8429,11.0764,2.3198,12.0379,
130,May 23 2018 06:49:37,4,1,0.9321,0.995,0.9656,0.9656,11.0764,12.0379,24.2146,18.5321,1.6731,32.8453,
130,Jun 09 2018 20:04:59,4,1,0.9453,0.995,0.9718,0.9718,18.5321,32.8453,64.6129,49.7878,2.6866,51.4586,
133,May 30 2018 09:06:17,2,0,0.6765,0.8513,0.8467,0.8467,0.7,0.7,1.6439,1.2046,1.7209,1.8368,
133,May 31 2018 12:23:33,4,1,0.9369,0.7778,0.782,0.782,1.2046,1.8368,0.7,1.23,1.0211,8.5063,
133,Jun 07 2018 08:57:50,4,1,0.9186,0.995,0.9905,0.9905,1.23,8.5063,75.7222,44.3688,20,45.3688,
161,Jun 13 2018 16:29:40,2,0,0.1958,0.995,0.8021,0.8021,1.1855,1.1855,8.7653,5.2379,2,1,
161,Jun 16 2018 09:28:50,4,1,0.7518,0.995,0.9401,0.9401,5.2379,1,4.6173,2.9102,0.8,13.5621,
170,May 31 2018 12:22:39,5,1,0.9861,0.995,0.992,0.992,28.1261,28.1261,49.2046,39.3677,1.3997,40.3677,
183,May 14 2018 07:06:21,4,1,0.8945,0.995,0.9723,0.9723,2.2209,2.2209,8.8164,5.5709,2.5084,16.465,
183,May 15 2018 05:44:19,2,0,0.994,0.995,0.9948,0.9948,5.5709,16.465,19.1224,14.4096,2,1,
183,May 16 2018 06:56:29,4,1,0.8953,0.995,0.9646,0.9646,14.4096,1,3.0737,2.054,0.8,10.1814,
183,May 19 2018 09:35:58,3,1,0.9683,0.995,0.9907,0.9907,2.054,10.1814,34.9156,23.3744,11.3799,24.3744,
183,May 25 2018 06:47:59,4,1,0.9749,0.995,0.9916,0.9916,23.3744,24.3744,73.1906,50.4122,2.1567,51.4122,
183,Jun 04 2018 07:56:14,4,1,0.9796,0.995,0.9919,0.9919,50.4122,51.4122,130.55,93.6217,1.8571,94.6217,
185,Jun 01 2018 09:12:35,2,0,0.5002,0.9142,0.9033,0.9033,0.7,0.7,4.7675,2.8744,2,1.197,
185,Jun 02 2018 11:53:36,4,1,0.9068,0.7893,0.7924,0.7924,2.8744,1.197,0.7,0.9317,0.8,11.4354,
185,Jun 09 2018 20:06:56,4,1,0.9346,0.995,0.9915,0.9915,0.9317,11.4354,90.6802,53.7161,20,54.7161,
199,May 21 2018 07:04:12,4,1,0.9932,0.995,0.9949,0.9949,36.1681,36.1681,48.2849,42.6335,1.1788,43.6335,
199,May 31 2018 12:24:13,4,1,0.9756,0.995,0.9927,0.9927,42.6335,43.6335,147.0087,98.7763,2.3169,99.7763,
206,May 14 2018 06:49:23,4,1,0.9533,0.7494,0.8245,0.8245,-1,4,0.9924,2.3958,-1,10.8734,
206,May 15 2018 05:49:59,4,1,0.9908,0.995,0.9948,0.9948,2.3958,10.8734,19.2061,15.319,6.394,16.2778,
206,May 23 2018 06:51:14,4,1,0.9493,0.995,0.9924,0.9924,15.319,16.2778,110.4114,66.5022,4.3412,67.5022,
222,May 14 2018 07:08:58,4,1,0.9942,0.995,0.995,0.995,42.6018,42.6018,49.0435,46.0378,1.0807,47.0378,
222,May 15 2018 05:53:51,4,1,0.995,0.995,0.995,0.995,46.0378,47.0378,19.9229,32.5686,0.8,33.5164,
222,May 30 2018 09:04:34,3,1,0.9535,0.995,0.9893,0.9893,32.5686,33.5164,148.3463,94.768,2.9098,95.768,
257,May 30 2018 09:07:51,2,0,0.5441,0.9016,0.8924,0.8924,0.7,0.7,3.7423,2.3264,2,3.9281,
257,May 31 2018 12:23:22,4,1,0.97,0.7652,0.8335,0.8335,2.3264,3.9281,0.7,2.2063,0.9484,5.4992,
257,Jun 07 2018 08:58:16,4,1,0.8769,0.995,0.9883,0.9883,2.2063,5.4992,61.2738,33.6839,15.2669,48.4593,
271,May 13 2018 08:27:04,4,1,0.9355,0.995,0.9824,0.9824,2.2209,2.2209,8.3294,5.479,2.467,7.624,
271,May 14 2018 06:55:35,2,0,0.9871,0.995,0.9938,0.9938,5.479,7.624,15.8074,9.7965,1.788,1,
271,May 15 2018 05:54:34,4,1,0.904,0.995,0.9695,0.9695,9.7965,1,3.2603,2.2056,0.8,9.4862,
271,May 17 2018 11:52:15,4,1,0.9753,0.3298,0.4259,0.4259,2.2056,9.4862,0.7,4.7994,2.176,7.4424,
271,May 22 2018 08:30:52,4,1,0.9335,0.995,0.9862,0.9862,4.7994,7.4424,36.892,23.1511,4.8237,24.1511,
271,May 30 2018 09:07:04,3,1,0.9656,0.995,0.9902,0.9902,23.1511,24.1511,85.9721,57.1259,2.4675,58.1259,
277,May 14 2018 06:52:31,2,0,0.7031,0.8518,0.848,0.848,0.7,0.7,1.4951,1.1251,1.6072,1,
277,May 15 2018 05:42:56,4,1,0.9046,0.7939,0.7967,0.7967,1.1251,1,0.7,0.8399,0.8,10.6288,
277,May 21 2018 07:04:58,4,1,0.9417,0.995,0.992,0.992,0.8399,10.6288,79.6174,47.4377,20,48.4377,
282,May 14 2018 07:04:38,4,1,0.9942,0.995,0.995,0.995,42.6018,42.6018,49.4464,46.2528,1.0857,47.2528,
282,May 15 2018 05:43:16,4,1,0.995,0.995,0.995,0.995,46.2528,47.2528,19.8316,32.62,0.8,33.5635,
282,May 30 2018 09:06:30,3,1,0.9536,0.995,0.9895,0.9895,32.62,33.5635,151.5626,96.5061,2.9585,97.5061,
338,May 14 2018 06:53:39,2,0,0.9405,0.8418,0.8747,0.8747,-1,4,1.8327,2.7718,-1,1,
338,May 15 2018 05:43:45,3,1,0.9046,0.7938,0.7967,0.7967,2.7718,1,0.7,0.8399,0.8,10.7018,
338,May 21 2018 07:04:39,4,1,0.9421,0.995,0.992,0.992,0.8399,10.7018,79.828,47.5841,20,48.5841,
351,May 14 2018 07:01:58,4,1,0.8947,0.995,0.9749,0.9749,2.2209,2.2209,9.7376,6.038,2.7187,16.4286,
351,May 15 2018 05:41:11,1,0,0.994,0.995,0.9948,0.9948,6.038,16.4286,19.2197,14.438,2,1,
351,May 16 2018 06:55:19,4,1,0.8951,0.995,0.9691,0.9691,14.438,1,3.5305,2.2857,0.8,9.5129,
351,May 19 2018 09:35:28,4,1,0.9661,0.5628,0.6182,0.6182,2.2857,9.5129,0.7,4.8118,2.1052,10.4583,
351,May 25 2018 06:47:26,3,1,0.9425,0.995,0.9881,0.9881,4.8118,10.4583,51.6033,32.4057,6.7347,33.4057,
351,Jun 04 2018 07:56:03,4,1,0.9688,0.995,0.9911,0.9911,32.4057,33.4057,118.4019,78.7427,2.4299,79.7427,
354,Jun 04 2018 07:57:00,2,0,0.2582,0.995,0.9764,0.9764,0.7,0.7,39.6501,21.5214,2,1,
354,Jun 06 2018 09:03:58,4,1,0.806,0.8239,0.8235,0.8235,21.5214,1,1.1101,1.1328,0.8,12.4326,
354,Jun 13 2018 16:29:53,4,1,0.9399,0.995,0.992,0.992,1.1328,12.4326,95.4622,56.7334,20,57.7334,
373,May 31 2018 12:23:15,4,1,0.9233,0.995,0.9564,0.9564,-1,4,7.1591,5.6848,-1,19.6669,
373,Jun 13 2018 16:35:37,4,1,0.9319,0.995,0.9928,0.9928,5.6848,19.6669,190.9356,111.0667,19.5374,112.0667,
377,May 14 2018 06:50:09,3,1,0.9942,0.995,0.995,0.995,42.6018,42.6018,48.7893,45.9023,1.0775,46.9023,
377,May 15 2018 05:42:02,4,1,0.995,0.995,0.995,0.995,45.9023,46.9023,20.0252,32.5597,0.8,33.5124,
377,May 30 2018 09:05:32,3,1,0.9535,0.995,0.9897,0.9897,32.5597,33.5124,154.3812,97.9862,3.0094,98.9862,
409,May 14 2018 06:52:45,4,1,0.9942,0.995,0.995,0.995,42.6018,42.6018,49.299,46.1743,1.0839,47.1743,
409,May 15 2018 05:54:11,4,1,0.995,0.995,0.995,0.995,46.1743,47.1743,20.1645,32.7607,0.8,33.72,
409,May 30 2018 09:08:04,4,1,0.9538,0.995,0.9899,0.9899,32.7607,33.72,157.7375,99.8739,3.0486,100.8739,
414,May 14 2018 06:47:51,4,1,0.9942,0.995,0.995,0.995,42.6018,42.6018,48.792,45.9038,1.0775,46.9038,
414,May 15 2018 05:46:49,4,1,0.995,0.995,0.995,0.995,45.9038,46.9038,20.1284,32.6151,0.8,33.5727,
414,May 30 2018 09:05:09,3,1,0.9536,0.995,0.9901,0.9901,32.6151,33.5727,160.1198,101.0764,3.0991,102.0764,
419,May 14 2018 07:09:33,4,1,0.9529,0.8287,0.8384,0.8384,-1,4,1.0949,2.4501,-1,3.3048,
419,May 15 2018 05:47:20,3,1,0.9704,0.8245,0.836,0.836,2.4501,3.3048,0.7,1.9151,0.8,2.858,
419,May 23 2018 06:51:00,4,1,0.7434,0.8796,0.8689,0.8689,1.9151,2.858,6.0319,4.8595,2.5375,8.6375,
419,Jun 09 2018 20:09:29,2,0,0.8072,0.89,0.8668,0.8668,4.8595,8.6375,12.9432,10.9394,2,9,
419,Jun 13 2018 16:33:41,4,1,0.9559,0.8026,0.8455,0.8455,10.9394,9,2.4175,5.489,0.8,6.7505,
